og_coord,goldstar_coord,dist
"(4341.0, 1325.0)","(4287.645, 1341.5)",55.848
"(4873.0, 2336.0)","(4900.165, 2270.505)",70.905
"(4058.0, 3285.0)","(3995.164, 3247.515)",73.168
"(4049.0, 3301.0)","(3995.164, 3247.515)",75.888
"(2577.0, 4347.0)","(2645.663, 4312.537)",76.826
"(4072.0, 3240.0)","(3995.164, 3247.515)",77.203
"(3846.0, 2947.0)","(3827.143, 2871.468)",77.85
"(4824.0, 2291.0)","(4900.165, 2270.505)",78.874
"(4047.0, 3318.0)","(3995.164, 3247.515)",87.493
"(3388.0, 4950.0)","(3339.082, 5025.514)",89.974
"(4937.0, 2355.0)","(4900.165, 2270.505)",92.175
"(4312.0, 1439.0)","(4287.645, 1341.5)",100.496
"(3960.0, 3344.0)","(3995.164, 3247.515)",102.693
"(4051.0, 3338.0)","(3995.164, 3247.515)",106.326
"(3300.0, 4922.0)","(3339.082, 5025.514)",110.646
"(4808.0, 2206.0)","(4900.165, 2270.505)",112.496
"(817.0, 9465.0)","(724.535, 9530.075)",113.069
"(4932.0, 2161.0)","(4900.165, 2270.505)",114.039
"(2694.0, 4416.0)","(2645.663, 4312.537)",114.197
"(1961.0, 5878.0)","(1897.125, 5782.942)",114.525
"(5009.0, 2320.0)","(4900.165, 2270.505)",119.561
"(4046.0, 3139.0)","(3995.164, 3247.515)",119.832
"(5005.0, 2330.0)","(4900.165, 2270.505)",120.541
"(3218.0, 5057.0)","(3339.082, 5025.514)",125.109
"(1391.0, 9324.0)","(1337.944, 9437.619)",125.396
"(2018.0, 6019.0)","(1897.125, 5982.967)",126.131
"(1784.0, 6129.0)","(1737.105, 6010.526)",127.418
"(3830.0, 2999.0)","(3827.143, 2871.468)",127.564
"(2007.0, 6057.0)","(1897.125, 5982.967)",132.489
"(1999.0, 6072.0)","(1897.125, 5982.967)",135.297
"(968.0, 9801.0)","(1085.468, 9733.656)",135.403
"(1098.0, 9597.0)","(1085.468, 9733.656)",137.229
"(1189.0, 9640.0)","(1085.468, 9733.656)",139.608
"(3212.0, 4961.0)","(3339.082, 5025.514)",142.52
"(4869.0, 2129.0)","(4900.165, 2270.505)",144.896
"(3708.0, 2787.0)","(3827.143, 2871.468)",146.048
"(841.0, 9440.0)","(724.535, 9530.075)",147.233
"(2630.0, 4460.0)","(2645.663, 4312.537)",148.293
"(3258.0, 4901.0)","(3339.082, 5025.514)",148.587
"(1853.0, 6127.0)","(1897.125, 5982.967)",150.64
"(3810.0, 3027.0)","(3827.143, 2871.468)",156.474
"(1327.0, 9595.0)","(1337.944, 9437.619)",157.761
"(2051.0, 5740.0)","(1897.125, 5782.942)",159.755
"(4742.0, 2297.0)","(4900.165, 2270.505)",160.369
"(935.0, 9674.0)","(1085.468, 9733.656)",161.862
"(2053.0, 6033.0)","(1897.125, 5982.967)",163.708
"(1156.0, 9882.0)","(1085.468, 9733.656)",164.258
"(1245.0, 9775.0)","(1085.468, 9733.656)",164.802
"(1252.0, 8342.0)","(1105.026, 8421.492)",167.094
"(2759.0, 4440.0)","(2645.663, 4312.537)",170.564
"(1153.0, 9576.0)","(1085.468, 9733.656)",171.511
"(1190.0, 9525.0)","(1337.944, 9437.619)",171.822
"(4795.0, 2130.0)","(4900.165, 2270.505)",175.503
"(4309.0, 1516.0)","(4287.645, 1341.5)",175.802
"(5050.0, 2178.0)","(4900.165, 2270.505)",176.09
"(3162.0, 5044.0)","(3339.082, 5025.514)",178.044
"(982.0, 9879.0)","(1085.468, 9733.656)",178.411
"(4011.0, 3432.0)","(3995.164, 3247.515)",185.163
"(4138.0, 1457.0)","(4287.645, 1341.5)",189.034
"(3195.0, 5148.0)","(3339.082, 5025.514)",189.11
"(1904.0, 6172.0)","(1897.125, 5982.967)",189.158
"(1384.0, 9623.0)","(1337.944, 9437.619)",191.016
"(1107.0, 9924.0)","(1085.468, 9733.656)",191.558
"(3896.0, 2691.0)","(3827.143, 2871.468)",193.158
"(1054.0, 7943.0)","(884.555, 8045.446)",198.007
"(3440.0, 5196.0)","(3339.082, 5025.514)",198.116
"(4088.0, 1371.0)","(4287.645, 1341.5)",201.813
"(3888.0, 2678.0)","(3827.143, 2871.468)",202.814
"(2778.0, 4468.0)","(2645.663, 4312.537)",204.161
"(3463.0, 4862.0)","(3339.082, 5025.514)",205.165
"(1299.0, 8351.0)","(1105.026, 8421.492)",206.386
"(1162.0, 9329.0)","(1337.944, 9437.619)",206.771
"(2619.0, 4523.0)","(2645.663, 4312.537)",212.145
"(1280.0, 9649.0)","(1085.468, 9733.656)",212.154
"(4992.0, 2078.0)","(4900.165, 2270.505)",213.288
"(997.0, 9928.0)","(1085.468, 9733.656)",213.533
"(1861.0, 6484.0)","(1657.095, 6549.259)",214.093
"(875.0, 9694.0)","(1085.468, 9733.656)",214.171
"(962.0, 8581.0)","(1105.026, 8421.492)",214.241
"(1125.0, 9470.0)","(1337.944, 9437.619)",215.392
"(2090.0, 5687.0)","(1897.125, 5782.942)",215.42
"(1181.0, 8626.0)","(1105.026, 8421.492)",218.164
"(4238.0, 1555.0)","(4287.645, 1341.5)",219.196
"(1194.0, 8221.0)","(1105.026, 8421.492)",219.348
"(849.0, 9711.0)","(724.535, 9530.075)",219.603
"(3608.0, 2912.0)","(3827.143, 2871.468)",222.86
"(1320.0, 8360.0)","(1105.026, 8421.492)",223.596
"(1100.0, 7982.0)","(884.555, 8045.446)",224.593
"(3290.0, 5246.0)","(3339.082, 5025.514)",225.883
"(1823.0, 6220.0)","(1737.105, 6010.526)",226.401
"(937.0, 8575.0)","(1105.026, 8421.492)",227.591
"(3128.0, 4940.0)","(3339.082, 5025.514)",227.746
"(1132.0, 8195.0)","(1105.026, 8421.492)",228.093
"(3260.0, 5240.0)","(3339.082, 5025.514)",228.601
"(954.0, 9523.0)","(724.535, 9530.075)",229.574
"(3768.0, 3094.0)","(3827.143, 2871.468)",230.257
"(3970.0, 3481.0)","(3995.164, 3247.515)",234.837
"(3568.0, 4972.0)","(3339.082, 5025.514)",235.09
"(1334.0, 8487.0)","(1105.026, 8421.492)",238.16
"(2135.0, 5771.0)","(1897.125, 5782.942)",238.175
"(3122.0, 5133.0)","(3339.082, 5025.514)",242.235
"(3100.0, 5075.0)","(3339.082, 5025.514)",244.15
"(2892.0, 4332.0)","(2645.663, 4312.537)",247.105
"(3979.0, 2676.0)","(3827.143, 2871.468)",247.524
"(4669.0, 2361.0)","(4900.165, 2270.505)",248.247
"(4787.0, 2049.0)","(4900.165, 2270.505)",248.738
"(3648.0, 2691.0)","(3827.143, 2871.468)",254.285
"(4191.0, 1104.0)","(4287.645, 1341.5)",256.411
"(2898.0, 4254.0)","(2645.663, 4312.537)",259.038
"(2139.0, 5876.0)","(1897.125, 5782.942)",259.159
"(1106.0, 7910.0)","(884.555, 8045.446)",259.583
"(2149.0, 5716.0)","(1897.125, 5782.942)",260.619
"(1807.0, 6262.0)","(1737.105, 6010.526)",261.007
"(3748.0, 3161.0)","(3995.164, 3247.515)",261.868
"(1172.0, 8676.0)","(1105.026, 8421.492)",263.173
"(2895.0, 4228.0)","(2645.663, 4312.537)",263.278
"(3332.0, 4762.0)","(3339.082, 5025.514)",263.609
"(3396.0, 4768.0)","(3339.082, 5025.514)",263.729
"(5027.0, 2037.0)","(4900.165, 2270.505)",265.729
"(2888.0, 4427.0)","(2645.663, 4312.537)",268.009
"(4452.0, 1555.0)","(4287.645, 1341.5)",269.434
"(3240.0, 5277.0)","(3339.082, 5025.514)",270.301
"(4145.0, 1111.0)","(4287.645, 1341.5)",271.068
"(4934.0, 2001.0)","(4900.165, 2270.505)",271.621
"(3352.0, 5298.0)","(3339.082, 5025.514)",272.792
"(3607.0, 5077.0)","(3339.082, 5025.514)",272.82
"(1929.0, 6579.0)","(1657.095, 6549.259)",273.527
"(984.0, 8667.0)","(1105.026, 8421.492)",273.718
"(3323.0, 4751.0)","(3339.082, 5025.514)",274.985
"(1180.0, 9994.0)","(1085.468, 9733.656)",276.975
"(1936.0, 6557.0)","(1657.095, 6549.259)",279.012
"(3239.0, 4765.0)","(3339.082, 5025.514)",279.077
"(2902.0, 4423.0)","(2645.663, 4312.537)",279.125
"(3618.0, 4996.0)","(3339.082, 5025.514)",280.475
"(3275.0, 5300.0)","(3339.082, 5025.514)",281.867
"(4645.0, 2391.0)","(4900.165, 2270.505)",282.185
"(4640.0, 2380.0)","(4900.165, 2270.505)",282.268
"(4616.0, 2255.0)","(4900.165, 2270.505)",284.588
"(3187.0, 4782.0)","(3339.082, 5025.514)",287.103
"(4014.0, 1251.0)","(4287.645, 1341.5)",288.222
"(3554.0, 4833.0)","(3339.082, 5025.514)",288.533
"(1874.0, 6358.0)","(1657.095, 6549.259)",289.185
"(3538.0, 2866.0)","(3827.143, 2871.468)",289.195
"(1305.0, 8212.0)","(1105.026, 8421.492)",289.614
"(4052.0, 3532.0)","(3995.164, 3247.515)",290.107
"(3235.0, 5298.0)","(3339.082, 5025.514)",291.688
"(1191.0, 8702.0)","(1105.026, 8421.492)",293.388
"(4718.0, 2040.0)","(4900.165, 2270.505)",293.797
"(3570.0, 2729.0)","(3827.143, 2871.468)",293.972
"(1887.0, 6736.0)","(1657.095, 6549.259)",296.19
"(3740.0, 3400.0)","(3995.164, 3247.515)",297.255
"(1010.0, 9446.0)","(1085.468, 9733.656)",297.391
"(1055.0, 10071.0)","(768.985, 9986.132)",298.341
"(4606.0, 2328.0)","(4900.165, 2270.505)",299.731
"(3735.0, 2586.0)","(3827.143, 2871.468)",299.971
"(794.0, 7759.0)","(884.555, 8045.446)",300.419
"(2889.0, 4136.0)","(2645.663, 4312.537)",300.63
"(3192.0, 4763.0)","(3339.082, 5025.514)",300.91
"(1088.0, 8722.0)","(1105.026, 8421.492)",300.99
"(1037.0, 9422.0)","(1337.944, 9437.619)",301.349
"(5114.0, 2057.0)","(4900.165, 2270.505)",302.175
"(3542.0, 4798.0)","(3339.082, 5025.514)",304.858
"(1410.0, 8432.0)","(1105.026, 8421.492)",305.155
"(830.0, 7744.0)","(884.555, 8045.446)",306.343
"(928.0, 9296.0)","(724.535, 9530.075)",310.144
"(3054.0, 5154.0)","(3339.082, 5025.514)",312.699
"(4865.0, 1957.0)","(4900.165, 2270.505)",315.471
"(3638.0, 4923.0)","(3339.082, 5025.514)",316.008
"(5170.0, 2436.0)","(4900.165, 2270.505)",316.543
"(1095.0, 7808.0)","(884.555, 8045.446)",317.282
"(1087.0, 9240.0)","(1337.944, 9437.619)",319.415
"(1940.0, 6698.0)","(1657.095, 6549.259)",319.623
"(4941.0, 1950.0)","(4900.165, 2270.505)",323.096
"(3797.0, 3503.0)","(3995.164, 3247.515)",323.329
"(3017.0, 4995.0)","(3339.082, 5025.514)",323.524
"(854.0, 9233.0)","(724.535, 9530.075)",324.06
"(2205.0, 5681.0)","(1897.125, 5782.942)",324.313
"(1982.0, 6552.0)","(1657.095, 6549.259)",324.917
"(2970.0, 4292.0)","(2645.663, 4312.537)",324.987
"(3153.0, 4759.0)","(3339.082, 5025.514)",325.048
"(1946.0, 6704.0)","(1657.095, 6549.259)",327.736
"(874.0, 8658.0)","(1105.026, 8421.492)",330.619
"(4628.0, 2459.0)","(4900.165, 2270.505)",331.065
"(1033.0, 8745.0)","(1105.026, 8421.492)",331.429
"(3564.0, 5269.0)","(3339.082, 5025.514)",331.472
"(1898.0, 6778.0)","(1657.095, 6549.259)",332.201
"(2223.0, 5850.0)","(1897.125, 5782.942)",332.703
"(5094.0, 2541.0)","(4900.165, 2270.505)",332.776
"(2711.0, 4640.0)","(2645.663, 4312.537)",333.918
"(1393.0, 8594.0)","(1105.026, 8421.492)",335.69
"(2956.0, 4445.0)","(2645.663, 4312.537)",337.425
"(4661.0, 2028.0)","(4900.165, 2270.505)",340.6
"(3681.0, 5005.0)","(3339.082, 5025.514)",342.533
"(4170.0, 1664.0)","(4287.645, 1341.5)",343.288
"(4591.0, 2420.0)","(4900.165, 2270.505)",343.412
"(1435.0, 8326.0)","(1105.026, 8421.492)",343.514
"(1991.0, 6467.0)","(1657.095, 6549.259)",343.888
"(3500.0, 2989.0)","(3827.143, 2871.468)",347.615
"(4647.0, 2029.0)","(4900.165, 2270.505)",349.882
"(4207.0, 1683.0)","(4287.645, 1341.5)",350.893
"(1035.0, 8767.0)","(1105.026, 8421.492)",352.533
"(1461.0, 8449.0)","(1105.026, 8421.492)",357.035
"(1241.0, 8091.0)","(1105.026, 8421.492)",357.371
"(2648.0, 4672.0)","(2645.663, 4312.537)",359.471
"(3510.0, 3043.0)","(3827.143, 2871.468)",360.559
"(3438.0, 5377.0)","(3339.082, 5025.514)",365.14
"(3464.0, 2833.0)","(3827.143, 2871.468)",365.175
"(878.0, 7680.0)","(884.555, 8045.446)",365.505
"(933.0, 8744.0)","(1105.026, 8421.492)",365.519
"(4953.0, 1908.0)","(4900.165, 2270.505)",366.335
"(2674.0, 4679.0)","(2645.663, 4312.537)",367.557
"(5050.0, 1934.0)","(4900.165, 2270.505)",368.356
"(4823.0, 1908.0)","(4900.165, 2270.505)",370.627
"(3478.0, 5370.0)","(3339.082, 5025.514)",371.442
"(4535.0, 2348.0)","(4900.165, 2270.505)",373.297
"(3658.0, 3408.0)","(3995.164, 3247.515)",373.41
"(3536.0, 4707.0)","(3339.082, 5025.514)",374.47
"(898.0, 8734.0)","(1105.026, 8421.492)",374.861
"(1073.0, 8796.0)","(1105.026, 8421.492)",375.875
"(1221.0, 10085.0)","(1085.468, 9733.656)",376.579
"(3629.0, 4785.0)","(3339.082, 5025.514)",376.695
"(2506.0, 4663.0)","(2645.663, 4312.537)",377.267
"(1948.0, 6790.0)","(1657.095, 6549.259)",377.6
"(4888.0, 1893.0)","(4900.165, 2270.505)",377.701
"(4671.0, 1969.0)","(4900.165, 2270.505)",378.711
"(2960.0, 5036.0)","(3339.082, 5025.514)",379.227
"(3154.0, 5357.0)","(3339.082, 5025.514)",379.656
"(5129.0, 2574.0)","(4900.165, 2270.505)",380.098
"(1311.0, 8741.0)","(1105.026, 8421.492)",380.146
"(881.0, 8729.0)","(1105.026, 8421.492)",380.459
"(3663.0, 5227.0)","(3339.082, 5025.514)",381.47
"(4604.0, 2511.0)","(4900.165, 2270.505)",381.512
"(2675.0, 4701.0)","(2645.663, 4312.537)",389.569
"(1493.0, 8377.0)","(1105.026, 8421.492)",390.517
"(3391.0, 4636.0)","(3339.082, 5025.514)",392.959
"(4618.0, 1996.0)","(4900.165, 2270.505)",393.662
"(853.0, 8725.0)","(1105.026, 8421.492)",394.505
"(4788.0, 1892.0)","(4900.165, 2270.505)",394.775
"(1296.0, 9044.0)","(1337.944, 9437.619)",395.847
"(3602.0, 3303.0)","(3995.164, 3247.515)",397.06
"(3453.0, 4641.0)","(3339.082, 5025.514)",401.034
"(5102.0, 1922.0)","(4900.165, 2270.505)",402.732
"(3029.0, 4184.0)","(2645.663, 4312.537)",404.313
"(3506.0, 3119.0)","(3827.143, 2871.468)",405.469
"(3733.0, 5129.0)","(3339.082, 5025.514)",407.285
"(3856.0, 2464.0)","(3827.143, 2871.468)",408.489
"(1971.0, 6813.0)","(1657.095, 6549.259)",409.995
"(5119.0, 2620.0)","(4900.165, 2270.505)",412.354
"(4298.0, 1754.0)","(4287.645, 1341.5)",412.63
"(3917.0, 3654.0)","(3995.164, 3247.515)",413.932
"(2922.0, 4624.0)","(2645.663, 4312.537)",416.379
"(2782.0, 4707.0)","(2645.663, 4312.537)",417.359
"(2987.0, 4801.0)","(3339.082, 5025.514)",417.574
"(5128.0, 1919.0)","(4900.165, 2270.505)",418.885
"(3824.0, 3630.0)","(3995.164, 3247.515)",419.037
"(1326.0, 8778.0)","(1105.026, 8421.492)",419.437
"(2622.0, 4732.0)","(2645.663, 4312.537)",420.13
"(1245.0, 7829.0)","(884.555, 8045.446)",420.44
"(3726.0, 4855.0)","(3339.082, 5025.514)",422.825
"(4493.0, 2387.0)","(4900.165, 2270.505)",423.503
"(4151.0, 940.0)","(4287.645, 1341.5)",424.116
"(3263.0, 5443.0)","(3339.082, 5025.514)",424.362
"(4530.0, 1692.0)","(4287.645, 1341.5)",426.129
"(2533.0, 4724.0)","(2645.663, 4312.537)",426.608
"(5083.0, 1884.0)","(4900.165, 2270.505)",427.568
"(913.0, 8804.0)","(1105.026, 8421.492)",428.003
"(1528.0, 8355.0)","(1105.026, 8421.492)",428.168
"(4504.0, 2102.0)","(4900.165, 2270.505)",430.512
"(3520.0, 4631.0)","(3339.082, 5025.514)",434.019
"(3720.0, 3584.0)","(3995.164, 3247.515)",434.669
"(2808.0, 3909.0)","(2645.663, 4312.537)",434.966
"(2636.0, 4750.0)","(2645.663, 4312.537)",437.57
"(2657.0, 4753.0)","(2645.663, 4312.537)",440.609
"(5105.0, 1880.0)","(4900.165, 2270.505)",440.967
"(506.0, 7818.0)","(884.555, 8045.446)",441.628
"(4423.0, 1763.0)","(4287.645, 1341.5)",442.7
"(4304.0, 1784.0)","(4287.645, 1341.5)",442.802
"(3483.0, 4606.0)","(3339.082, 5025.514)",443.514
"(3012.0, 4057.0)","(2645.663, 4312.537)",446.656
"(503.0, 7813.0)","(884.555, 8045.446)",446.783
"(4865.0, 1825.0)","(4900.165, 2270.505)",446.891
"(4633.0, 1910.0)","(4900.165, 2270.505)",448.71
"(1107.0, 8873.0)","(1105.026, 8421.492)",451.512
"(2898.0, 5130.0)","(3339.082, 5025.514)",453.289
"(4503.0, 2052.0)","(4900.165, 2270.505)",453.304
"(2345.0, 5708.0)","(1897.125, 5782.942)",454.102
"(3788.0, 5094.0)","(3339.082, 5025.514)",454.112
"(2893.0, 5113.0)","(3339.082, 5025.514)",454.58
"(3588.0, 4645.0)","(3339.082, 5025.514)",454.699
"(4023.0, 2461.0)","(3827.143, 2871.468)",454.801
"(819.0, 9085.0)","(724.535, 9530.075)",454.989
"(3438.0, 2634.0)","(3827.143, 2871.468)",455.876
"(4939.0, 1814.0)","(4900.165, 2270.505)",458.154
"(2352.0, 5692.0)","(1897.125, 5782.942)",463.877
"(2611.0, 4777.0)","(2645.663, 4312.537)",465.755
"(1111.0, 8888.0)","(1105.026, 8421.492)",466.546
"(3914.0, 3707.0)","(3995.164, 3247.515)",466.598
"(1140.0, 8888.0)","(1105.026, 8421.492)",467.817
"(2850.0, 3891.0)","(2645.663, 4312.537)",468.452
"(3992.0, 3718.0)","(3995.164, 3247.515)",470.496
"(3415.0, 2635.0)","(3827.143, 2871.468)",475.162
"(2877.0, 4909.0)","(3339.082, 5025.514)",476.545
"(4475.0, 2055.0)","(4900.165, 2270.505)",476.663
"(4423.0, 2254.0)","(4900.165, 2270.505)",477.45
"(3524.0, 3330.0)","(3995.164, 3247.515)",478.33
"(5165.0, 2669.0)","(4900.165, 2270.505)",478.472
"(3632.0, 4647.0)","(3339.082, 5025.514)",478.617
"(1240.0, 8969.0)","(1337.944, 9437.619)",478.745
"(1771.0, 9232.0)","(1337.944, 9437.619)",479.392
"(3649.0, 4657.0)","(3339.082, 5025.514)",481.51
"(2817.0, 3862.0)","(2645.663, 4312.537)",482.017
"(3691.0, 3622.0)","(3995.164, 3247.515)",482.447
"(4874.0, 1787.0)","(4900.165, 2270.505)",484.212
"(4069.0, 2450.0)","(3827.143, 2871.468)",485.932
"(3651.0, 4650.0)","(3339.082, 5025.514)",488.164
"(1516.0, 8686.0)","(1105.026, 8421.492)",488.737
"(3181.0, 5492.0)","(3339.082, 5025.514)",492.544
"(3808.0, 5178.0)","(3339.082, 5025.514)",493.088
"(2846.0, 4960.0)","(3339.082, 5025.514)",497.415
"(3865.0, 2375.0)","(3827.143, 2871.468)",497.909
"(1205.0, 8910.0)","(1105.026, 8421.492)",498.633
"(3888.0, 2376.0)","(3827.143, 2871.468)",499.191
"(4514.0, 1788.0)","(4287.645, 1341.5)",500.598
"(3821.0, 3717.0)","(3995.164, 3247.515)",500.749
"(855.0, 8857.0)","(1105.026, 8421.492)",502.175
"(3492.0, 3262.0)","(3995.164, 3247.515)",503.372
"(2932.0, 5323.0)","(3339.082, 5025.514)",504.196
"(4421.0, 2429.0)","(4900.165, 2270.505)",504.698
"(4428.0, 2090.0)","(4900.165, 2270.505)",505.492
"(3842.0, 5079.0)","(3339.082, 5025.514)",505.754
"(2405.0, 5767.0)","(1897.125, 5782.942)",508.125
"(736.0, 9021.0)","(724.535, 9530.075)",509.204
"(2900.0, 5287.0)","(3339.082, 5025.514)",511.046
"(2846.0, 5160.0)","(3339.082, 5025.514)",511.093
"(4390.0, 2311.0)","(4900.165, 2270.505)",511.77
"(1745.0, 9127.0)","(1337.944, 9437.619)",512.034
"(3108.0, 4090.0)","(2645.663, 4312.537)",513.106
"(2387.0, 5627.0)","(1897.125, 5782.942)",514.097
"(2783.0, 3815.0)","(2645.663, 4312.537)",516.144
"(1843.0, 9329.0)","(1337.944, 9437.619)",516.604
"(4021.0, 3765.0)","(3995.164, 3247.515)",518.13
"(4512.0, 1927.0)","(4900.165, 2270.505)",518.332
"(4383.0, 2226.0)","(4900.165, 2270.505)",519.076
"(3759.0, 3710.0)","(3995.164, 3247.515)",519.294
"(376.0, 7933.0)","(884.555, 8045.446)",520.838
"(1474.0, 8791.0)","(1105.026, 8421.492)",522.186
"(2391.0, 5613.0)","(1897.125, 5782.942)",522.296
"(2980.0, 5405.0)","(3339.082, 5025.514)",522.446
"(2366.0, 5551.0)","(1897.125, 5782.942)",523.107
"(4389.0, 2146.0)","(4900.165, 2270.505)",526.109
"(3539.0, 3512.0)","(3995.164, 3247.515)",527.293
"(4373.0, 2308.0)","(4900.165, 2270.505)",528.497
"(2400.0, 5618.0)","(1897.125, 5782.942)",529.234
"(2458.0, 4808.0)","(2645.663, 4312.537)",529.812
"(3603.0, 4562.0)","(3339.082, 5025.514)",533.383
"(2713.0, 3782.0)","(2645.663, 4312.537)",534.793
"(3785.0, 5321.0)","(3339.082, 5025.514)",534.934
"(4451.0, 1851.0)","(4287.645, 1341.5)",535.047
"(3867.0, 2332.0)","(3827.143, 2871.468)",540.938
"(2780.0, 4837.0)","(2645.663, 4312.537)",541.394
"(2902.0, 5345.0)","(3339.082, 5025.514)",541.398
"(3001.0, 5449.0)","(3339.082, 5025.514)",541.885
"(2317.0, 4745.0)","(2645.663, 4312.537)",543.179
"(1562.0, 8721.0)","(1105.026, 8421.492)",546.379
"(1565.0, 8725.0)","(1105.026, 8421.492)",551.084
"(3768.0, 2323.0)","(3827.143, 2871.468)",551.648
"(747.0, 8978.0)","(724.535, 9530.075)",552.532
"(3354.0, 3158.0)","(3827.143, 2871.468)",553.141
"(4619.0, 1793.0)","(4900.165, 2270.505)",554.134
"(2979.0, 5449.0)","(3339.082, 5025.514)",555.877
"(2973.0, 3861.0)","(2645.663, 4312.537)",557.705
"(2807.0, 4851.0)","(3339.082, 5025.514)",559.97
"(1274.0, 7643.0)","(884.555, 8045.446)",560.027
"(3642.0, 4554.0)","(3339.082, 5025.514)",560.433
"(792.0, 8971.0)","(724.535, 9530.075)",563.131
"(1890.0, 7062.0)","(1657.095, 6549.259)",563.159
"(2707.0, 4874.0)","(2645.663, 4312.537)",564.803
"(1861.0, 9219.0)","(1337.944, 9437.619)",566.906
"(1903.0, 9384.0)","(1337.944, 9437.619)",567.594
"(1901.0, 9363.0)","(1337.944, 9437.619)",567.979
"(3477.0, 2422.0)","(3827.143, 2871.468)",569.756
"(3609.0, 3669.0)","(3995.164, 3247.515)",571.64
"(3599.0, 4516.0)","(3339.082, 5025.514)",571.981
"(3190.0, 4105.0)","(2645.663, 4312.537)",582.558
"(3097.0, 3942.0)","(2645.663, 4312.537)",583.954
"(3920.0, 3827.0)","(3995.164, 3247.515)",584.339
"(1857.0, 9167.0)","(1337.944, 9437.619)",585.366
"(1856.0, 9162.0)","(1337.944, 9437.619)",586.812
"(2848.0, 5347.0)","(3339.082, 5025.514)",586.954
"(4317.0, 2196.0)","(4900.165, 2270.505)",587.905
"(3514.0, 3586.0)","(3995.164, 3247.515)",588.295
"(3870.0, 4758.0)","(3339.082, 5025.514)",594.506
"(1293.0, 7611.0)","(884.555, 8045.446)",596.297
"(3701.0, 3767.0)","(3995.164, 3247.515)",596.99
"(3335.0, 3213.0)","(3827.143, 2871.468)",599.04
"(2441.0, 5530.0)","(1897.125, 5782.942)",599.816
"(3979.0, 2290.0)","(3827.143, 2871.468)",600.971
"(2839.0, 5360.0)","(3339.082, 5025.514)",601.634
"(3784.0, 2263.0)","(3827.143, 2871.468)",609.996
"(726.0, 8920.0)","(724.535, 9530.075)",610.077
"(3285.0, 2590.0)","(3827.143, 2871.468)",610.855
"(2846.0, 3734.0)","(2645.663, 4312.537)",612.242
"(557.0, 8939.0)","(724.535, 9530.075)",614.36
"(3591.0, 3711.0)","(3995.164, 3247.515)",614.953
"(3282.0, 2583.0)","(3827.143, 2871.468)",616.761
"(2910.0, 5471.0)","(3339.082, 5025.514)",618.522
"(3823.0, 4635.0)","(3339.082, 5025.514)",621.834
"(4312.0, 2061.0)","(4900.165, 2270.505)",624.364
"(3050.0, 3834.0)","(2645.663, 4312.537)",626.487
"(3251.0, 4151.0)","(2645.663, 4312.537)",626.52
"(3494.0, 3628.0)","(3995.164, 3247.515)",629.233
"(3743.0, 3826.0)","(3995.164, 3247.515)",631.056
"(3872.0, 5364.0)","(3339.082, 5025.514)",631.327
"(3933.0, 2246.0)","(3827.143, 2871.468)",634.363
"(3491.0, 2333.0)","(3827.143, 2871.468)",634.775
"(3735.0, 2243.0)","(3827.143, 2871.468)",635.187
"(3009.0, 3791.0)","(2645.663, 4312.537)",635.621
"(3698.0, 2249.0)","(3827.143, 2871.468)",635.723
"(3865.0, 5384.0)","(3339.082, 5025.514)",636.476
"(3473.0, 3612.0)","(3995.164, 3247.515)",636.792
"(2889.0, 5481.0)","(3339.082, 5025.514)",640.345
"(3522.0, 3679.0)","(3995.164, 3247.515)",640.362
"(3370.0, 2423.0)","(3827.143, 2871.468)",640.393
"(1976.0, 9367.0)","(1337.944, 9437.619)",641.952
"(3375.0, 3431.0)","(3995.164, 3247.515)",646.738
"(3621.0, 4443.0)","(3339.082, 5025.514)",647.148
"(3730.0, 2229.0)","(3827.143, 2871.468)",649.771
"(4126.0, 2294.0)","(3827.143, 2871.468)",650.219
"(2391.0, 5360.0)","(1897.125, 5782.942)",650.225
"(3174.0, 3930.0)","(2645.663, 4312.537)",652.284
"(3826.0, 3879.0)","(3995.164, 3247.515)",653.751
"(2245.0, 4835.0)","(2645.663, 4312.537)",658.406
"(2687.0, 5120.0)","(3339.082, 5025.514)",658.892
"(2549.0, 5663.0)","(1897.125, 5782.942)",662.818
"(3348.0, 2408.0)","(3827.143, 2871.468)",666.619
"(3157.0, 3884.0)","(2645.663, 4312.537)",667.165
"(3553.0, 4393.0)","(3339.082, 5025.514)",667.709
"(3726.0, 3859.0)","(3995.164, 3247.515)",668.104
"(3709.0, 4469.0)","(3339.082, 5025.514)",668.242
"(3552.0, 2262.0)","(3827.143, 2871.468)",668.696
"(3885.0, 3910.0)","(3995.164, 3247.515)",671.582
"(2010.0, 9441.0)","(1337.944, 9437.619)",672.065
"(2949.0, 3710.0)","(2645.663, 4312.537)",674.584
"(3899.0, 2191.0)","(3827.143, 2871.468)",684.252
"(3822.0, 3910.0)","(3995.164, 3247.515)",684.742
"(1709.0, 8861.0)","(1337.944, 9437.619)",685.691
"(2435.0, 5353.0)","(1897.125, 5782.942)",688.593
"(2662.0, 5151.0)","(3339.082, 5025.514)",688.612
"(3484.0, 3711.0)","(3995.164, 3247.515)",690.005
"(2588.0, 5698.0)","(1897.125, 5782.942)",696.077
"(4210.0, 2117.0)","(4900.165, 2270.505)",707.03
"(3757.0, 3917.0)","(3995.164, 3247.515)",710.586
"(3333.0, 3509.0)","(3995.164, 3247.515)",711.924
"(3240.0, 2464.0)","(3827.143, 2871.468)",714.68
"(3117.0, 3770.0)","(2645.663, 4312.537)",718.683
"(3868.0, 4537.0)","(3339.082, 5025.514)",720.0
"(1957.0, 7209.0)","(1657.095, 6549.259)",724.708
"(3291.0, 3441.0)","(3995.164, 3247.515)",730.263
"(2356.0, 4984.0)","(2645.663, 4312.537)",731.278
"(3031.0, 3690.0)","(2645.663, 4312.537)",732.145
"(3354.0, 3605.0)","(3995.164, 3247.515)",734.089
"(2538.0, 5420.0)","(1897.125, 5782.942)",736.51
"(1980.0, 7216.0)","(1657.095, 6549.259)",740.818
"(3228.0, 3852.0)","(2645.663, 4312.537)",742.436
"(3752.0, 3953.0)","(3995.164, 3247.515)",746.216
"(3233.0, 2418.0)","(3827.143, 2871.468)",747.422
"(3696.0, 4368.0)","(3339.082, 5025.514)",748.141
"(2742.0, 5488.0)","(3339.082, 5025.514)",755.248
"(2626.0, 5275.0)","(3339.082, 5025.514)",755.466
"(2854.0, 3580.0)","(2645.663, 4312.537)",761.587
"(2406.0, 5038.0)","(2645.663, 4312.537)",764.025
"(3183.0, 3286.0)","(3827.143, 2871.468)",766.001
"(3588.0, 3897.0)","(3995.164, 3247.515)",766.559
"(3175.0, 3282.0)","(3827.143, 2871.468)",770.602
"(2783.0, 5559.0)","(3339.082, 5025.514)",770.607
"(1414.0, 5180.0)","(1897.125, 5782.942)",772.625
"(2241.0, 4976.0)","(2645.663, 4312.537)",777.133
"(2566.0, 5384.0)","(1897.125, 5782.942)",778.812
"(2412.0, 5060.0)","(2645.663, 4312.537)",783.134
"(3184.0, 3742.0)","(2645.663, 4312.537)",784.423
"(1974.0, 7268.0)","(1657.095, 6549.259)",785.505
"(3417.0, 2201.0)","(3827.143, 2871.468)",785.967
"(2658.0, 5585.0)","(1897.125, 5782.942)",786.201
"(3153.0, 3280.0)","(3827.143, 2871.468)",788.268
"(2657.0, 5570.0)","(1897.125, 5782.942)",789.148
"(2256.0, 5006.0)","(2645.663, 4312.537)",795.442
"(3171.0, 3715.0)","(2645.663, 4312.537)",795.631
"(3303.0, 3646.0)","(3995.164, 3247.515)",798.675
"(3360.0, 2222.0)","(3827.143, 2871.468)",800.02
"(3876.0, 4431.0)","(3339.082, 5025.514)",801.079
"(3618.0, 3958.0)","(3995.164, 3247.515)",804.389
"(2986.0, 3576.0)","(2645.663, 4312.537)",811.367
"(3108.0, 3644.0)","(2645.663, 4312.537)",812.833
"(2066.0, 4884.0)","(2645.663, 4312.537)",813.99
"(1911.0, 7323.0)","(1657.095, 6549.259)",814.336
"(2531.0, 5269.0)","(1897.125, 5782.942)",816.048
"(3039.0, 3597.0)","(2645.663, 4312.537)",816.521
"(2929.0, 3544.0)","(2645.663, 4312.537)",819.103
"(2235.0, 5022.0)","(2645.663, 4312.537)",819.745
"(2861.0, 3521.0)","(2645.663, 4312.537)",820.305
"(3459.0, 3870.0)","(3995.164, 3247.515)",821.559
"(3802.0, 4048.0)","(3995.164, 3247.515)",823.461
"(3733.0, 4029.0)","(3995.164, 3247.515)",824.287
"(1595.0, 5014.0)","(1897.125, 5782.942)",826.167
"(3920.0, 4438.0)","(3339.082, 5025.514)",826.219
"(2780.0, 5636.0)","(3339.082, 5025.514)",827.808
"(3342.0, 3762.0)","(3995.164, 3247.515)",831.455
"(3099.0, 3277.0)","(3827.143, 2871.468)",833.456
"(3852.0, 5687.0)","(3339.082, 5025.514)",837.048
"(3563.0, 3965.0)","(3995.164, 3247.515)",837.586
"(3671.0, 4022.0)","(3995.164, 3247.515)",839.589
"(3310.0, 3736.0)","(3995.164, 3247.515)",841.467
"(3194.0, 3512.0)","(3995.164, 3247.515)",843.692
"(3116.0, 3606.0)","(2645.663, 4312.537)",848.771
"(3116.0, 3599.0)","(2645.663, 4312.537)",854.606
"(3208.0, 3597.0)","(3995.164, 3247.515)",861.259
"(2023.0, 4928.0)","(1897.125, 5782.942)",864.159
"(3786.0, 4088.0)","(3995.164, 3247.515)",866.12
"(1572.0, 7516.0)","(884.555, 8045.446)",867.694
"(3932.0, 4115.0)","(3995.164, 3247.515)",869.782
"(1563.0, 4979.0)","(1897.125, 5782.942)",870.61
"(3839.0, 4106.0)","(3995.164, 3247.515)",872.573
"(3003.0, 3510.0)","(2645.663, 4312.537)",878.496
"(1916.0, 7390.0)","(1657.095, 6549.259)",879.703
"(3050.0, 3522.0)","(2645.663, 4312.537)",887.94
"(1846.0, 7421.0)","(1657.095, 6549.259)",891.974
"(3945.0, 4362.0)","(3339.082, 5025.514)",898.547
"(3310.0, 2132.0)","(3827.143, 2871.468)",902.358
"(3876.0, 4300.0)","(3339.082, 5025.514)",902.58
"(3904.0, 4146.0)","(3995.164, 3247.515)",903.098
"(1935.0, 4875.0)","(2645.663, 4312.537)",906.315
"(1690.0, 4878.0)","(1897.125, 5782.942)",928.343
"(3658.0, 4120.0)","(3995.164, 3247.515)",935.366
"(3832.0, 4171.0)","(3995.164, 3247.515)",937.788
"(3569.0, 4095.0)","(3995.164, 3247.515)",948.602
"(1836.0, 4836.0)","(1897.125, 5782.942)",948.913
"(2946.0, 3268.0)","(3827.143, 2871.468)",966.256
"(1802.0, 4819.0)","(1897.125, 5782.942)",968.624
"(3899.0, 4212.0)","(3995.164, 3247.515)",969.267
"(2925.0, 3371.0)","(2645.663, 4312.537)",982.1
"(2962.0, 3382.0)","(2645.663, 4312.537)",982.837
"(3944.0, 5805.0)","(3339.082, 5025.514)",986.673
"(2942.0, 3308.0)","(3827.143, 2871.468)",986.934
"(2065.0, 7451.0)","(1657.095, 6549.259)",989.709
"(3943.0, 5818.0)","(3339.082, 5025.514)",996.369
"(4039.0, 5796.0)","(3339.082, 5025.514)",1040.929
